Name,Maths,Science ,English,Total,Average
Amit,90,87,67,157,52.333333333333336
Raj,45,78,90,135,45.0
Nisha,45,78,90,135,45.0
Alekha,45,78,90,135,45.0
Shrey,98,87,91,189,63.0
Sarah,100,99,100,200,66.66666666666667
Asha,67,98,55,122,40.666666666666664
